[{"available":"false","manufacturer":"KIA","manfYear":2001,"serialNumber":"134G","modelNumber":"d6","minSeats":2,"maxSeats":8,"city":"Delhi","mcExpiryDate":"11-12-2021"},{"available":"true","manufacturer":"BMW","manfYear":1999,"serialNumber":"1F621H3","modelNumber":"BMW-T6","minSeats":3,"maxSeats":8,"city":"Jaipur","mcExpiryDate":"10-10-2031"},{"available":"true","manufacturer":"Audi","manfYear":1889,"serialNumber":"1H9w3","modelNumber":"Audi-X6","minSeats":1,"maxSeats":6,"city":"Delhi","mcExpiryDate":"10-12-2020"},{"available":"true","manufacturer":"Porche","manfYear":2021,"serialNumber":"3849893","modelNumber":"D1","minSeats":1,"maxSeats":2,"city":"Kolkata","mcExpiryDate":"8-11-2020"},{"available":"false","manufacturer":"Ferrari","manfYear":2021,"serialNumber":"27823123","modelNumber":"M1","minSeats":2,"maxSeats":6,"city":"Hyderabad","mcExpiryDate":"11-23-2031"},{"available":"true","manufacturer":"GM","manfYear":2020,"serialNumber":"GHF-5","modelNumber":"123X","minSeats":2,"maxSeats":7,"city":"Mysore","mcExpiryDate":"10-10-2022"},{"available":"true","manufacturer":"GM","manfYear":2020,"serialNumber":"GHF-5","modelNumber":"123X","minSeats":2,"maxSeats":7,"city":"Boston","mcExpiryDate":"10-10-2022"}]